<Entities>
	<ExtensionPackages>
		<ExtensionPackage name="CSVParser_Extensions"
						  description="CSVParser Extensions"
						  vendor="ThingWorx Customer Service"
						  packageVersion="4.0.1"
						  minimumThingWorxVersion="6.6.0" />
	</ExtensionPackages>
	<Resources>
	    <Resource name="CSVParserFunctions" description="CSVParser function library" className="com.thingworx.resources.csvparser.CSVParser" aspect.isCreatable="false">
	    	  <RunTimePermissions>
		        <Permissions resourceName="*">
		          <ServiceInvoke>
		            <Principal isPermitted="true" principalName="Administrators" type="Group" />
		            <Principal isPermitted="true" principalName="Developers" type="Group" />
		            <Principal isPermitted="true" principalName="Users" type="Group" />
		          </ServiceInvoke>
		        </Permissions>
		      </RunTimePermissions>
			<JarResources>
				<FileResource type="JAR" file="thingworx-csvparser-extension.jar" description="CSVParser Resource JAR" />
			</JarResources>
	    </Resource>
	</Resources>
</Entities>